Pnumber,15ms_Threshold,15ms_Width,15ms_Lambda,15ms_Gamma,15ms_Eta,15ms_Slope,15ms_Threshold Lower CI,15ms_Threshold Upper CI,15ms_Width Lower CI,15ms_Width Upper CI,15ms_Lambda Lower CI,15ms_Lambda Upper CI,15ms_Gamma Lower CI,15ms_Gamma Upper CI,15ms_Eta Lower CI,15ms_Eta Upper CI,15ms_ThresholdCI_Size,15ms_widthCI_Size,150ms_Threshold,150ms_Width,150ms_Lambda,150ms_Gamma,150ms_Eta,150ms_Slope,150ms_Threshold Lower CI,150ms_Threshold Upper CI,150ms_Width Lower CI,150ms_Width Upper CI,150ms_Lambda Lower CI,150ms_Lambda Upper CI,150ms_Gamma Lower CI,150ms_Gamma Upper CI,150ms_Eta Lower CI,150ms_Eta Upper CI,150ms_ThresholdCI_Size,150ms_widthCI_Size,2000ms_Threshold,2000ms_Width,2000ms_Lambda,2000ms_Gamma,2000ms_Eta,2000ms_Slope,2000ms_Threshold Lower CI,2000ms_Threshold Upper CI,2000ms_Width Lower CI,2000ms_Width Upper CI,2000ms_Lambda Lower CI,2000ms_Lambda Upper CI,2000ms_Gamma Lower CI,2000ms_Gamma Upper CI,2000ms_Eta Lower CI,2000ms_Eta Upper CI,2000ms_ThresholdCI_Size,2000ms_widthCI_Size,CTRL15ms_Threshold,CTRL15ms_Width,CTRL15ms_Lambda,CTRL15ms_Gamma,CTRL15ms_Eta,CTRL15ms_Slope,CTRL15ms_Threshold Lower CI,CTRL15ms_Threshold Upper CI,CTRL15ms_Width Lower CI,CTRL15ms_Width Upper CI,CTRL15ms_Lambda Lower CI,CTRL15ms_Lambda Upper CI,CTRL15ms_Gamma Lower CI,CTRL15ms_Gamma Upper CI,CTRL15ms_Eta Lower CI,CTRL15ms_Eta Upper CI,CTRL15ms_ThresholdCI_Size,CTRL15ms_widthCI_Size,CTRL150ms_Threshold,CTRL150ms_Width,CTRL150ms_Lambda,CTRL150ms_Gamma,CTRL150ms_Eta,CTRL150ms_Slope,CTRL150ms_Threshold Lower CI,CTRL150ms_Threshold Upper CI,CTRL150ms_Width Lower CI,CTRL150ms_Width Upper CI,CTRL150ms_Lambda Lower CI,CTRL150ms_Lambda Upper CI,CTRL150ms_Gamma Lower CI,CTRL150ms_Gamma Upper CI,CTRL150ms_Eta Lower CI,CTRL150ms_Eta Upper CI,CTRL150ms_ThresholdCI_Size,CTRL150ms_widthCI_Size,CTRL2000ms_Threshold,CTRL2000ms_Width,CTRL2000ms_Lambda,CTRL2000ms_Gamma,CTRL2000ms_Eta,CTRL2000ms_Slope,CTRL2000ms_Threshold Lower CI,CTRL_Threshold Upper CI,CTRL2000ms_Width Lower CI,CTRL2000ms_Width Upper CI,CTRL2000ms_Lambda Lower CI,CTRL2000ms_Lambda Upper CI,CTRL2000ms_Gamma Lower CI,CTRL2000ms_Gamma Upper CI,CTRL2000ms_Eta Lower CI,CTRL2000ms_Eta Upper CI,CTRL2000ms_ThresholdCI_Size,CTRL2000ms_widthCI_Size
,,,,,,,,,,,,,,,,,,,,,,,,,,,,,,,,,,,,,,,,,,,,,,,,,,,,,,,,,,,,,,,,,,,,,,,,,,,,,,,,,,,,,,,,,,,,,,,,,,,,,,,,,,,,
,,,,,,,,,,,,,,,,,,,,,,,,,,,,,,,,,,,,,,,,,,,,,,,,,,,,,,,,,,,,,,,,,,,,,,,,,,,,,,,,,,,,,,,,,,,,,,,,,,,,,,,,,,,,
,,,,,,,,,,,,,,,,,,,,,,,,,,,,,,,,,,,,,,,,,,,,,,,,,,,,,,,,,,,,,,,,,,,,,,,,,,,,,,,,,,,,,,,,,,,,,,,,,,,,,,,,,,,,
,,,,,,,,,,,,,,,,,,,,,,,,,,,,,,,,,,,,,,,,,,,,,,,,,,,,,,,,,,,,,,,,,,,,,,,,,,,,,,,,,,,,,,,,,,,,,,,,,,,,,,,,,,,,
,,,,,,,,,,,,,,,,,,,,,,,,,,,,,,,,,,,,,,,,,,,,,,,,,,,,,,,,,,,,,,,,,,,,,,,,,,,,,,,,,,,,,,,,,,,,,,,,,,,,,,,,,,,,
,,,,,,,,,,,,,,,,,,,,,,,,,,,,,,,,,,,,,,,,,,,,,,,,,,,,,,,,,,,,,,,,,,,,,,,,,,,,,,,,,,,,,,,,,,,,,,,,,,,,,,,,,,,,
,,,,,,,,,,,,,,,,,,,,,,,,,,,,,,,,,,,,,,,,,,,,,,,,,,,,,,,,,,,,,,,,,,,,,,,,,,,,,,,,,,,,,,,,,,,,,,,,,,,,,,,,,,,,
,,,,,,,,,,,,,,,,,,,,,,,,,,,,,,,,,,,,,,,,,,,,,,,,,,,,,,,,,,,,,,,,,,,,,,,,,,,,,,,,,,,,,,,,,,,,,,,,,,,,,,,,,,,,
,,,,,,,,,,,,,,,,,,,,,,,,,,,,,,,,,,,,,,,,,,,,,,,,,,,,,,,,,,,,,,,,,,,,,,,,,,,,,,,,,,,,,,,,,,,,,,,,,,,,,,,,,,,,
,,,,,,,,,,,,,,,,,,,,,,,,,,,,,,,,,,,,,,,,,,,,,,,,,,,,,,,,,,,,,,,,,,,,,,,,,,,,,,,,,,,,,,,,,,,,,,,,,,,,,,,,,,,,
,,,,,,,,,,,,,,,,,,,,,,,,,,,,,,,,,,,,,,,,,,,,,,,,,,,,,,,,,,,,,,,,,,,,,,,,,,,,,,,,,,,,,,,,,,,,,,,,,,,,,,,,,,,,
,,,,,,,,,,,,,,,,,,,,,,,,,,,,,,,,,,,,,,,,,,,,,,,,,,,,,,,,,,,,,,,,,,,,,,,,,,,,,,,,,,,,,,,,,,,,,,,,,,,,,,,,,,,,
,,,,,,,,,,,,,,,,,,,,,,,,,,,,,,,,,,,,,,,,,,,,,,,,,,,,,,,,,,,,,,,,,,,,,,,,,,,,,,,,,,,,,,,,,,,,,,,,,,,,,,,,,,,,
,,,,,,,,,,,,,,,,,,,,,,,,,,,,,,,,,,,,,,,,,,,,,,,,,,,,,,,,,,,,,,,,,,,,,,,,,,,,,,,,,,,,,,,,,,,,,,,,,,,,,,,,,,,,
,,,,,,,,,,,,,,,,,,,,,,,,,,,,,,,,,,,,,,,,,,,,,,,,,,,,,,,,,,,,,,,,,,,,,,,,,,,,,,,,,,,,,,,,,,,,,,,,,,,,,,,,,,,,
,,,,,,,,,,,,,,,,,,,,,,,,,,,,,,,,,,,,,,,,,,,,,,,,,,,,,,,,,,,,,,,,,,,,,,,,,,,,,,,,,,,,,,,,,,,,,,,,,,,,,,,,,,,,
